solver, activation, hidden1, hidden1, PCA, class, training_accuracy, testing_accuracy
lbfgs, identity,15, 1, on, class1, 0.9094533029612756, 0.9113636363636364
lbfgs, identity,15, 1, on, class2, 0.7044419134396356, 0.759090909090909
lbfgs, identity,15, 1, on, class3, 0.45899772209567197, 0.4590909090909091
lbfgs, identity,15, 1, on, class4, 0.25968109339407747, 0.26136363636363635
lbfgs, identity,15, 1, off, class1, 0.9157175398633257, 0.8818181818181818
lbfgs, identity,15, 1, off, class2, 0.7357630979498861, 0.7136363636363636
lbfgs, identity,15, 1, off, class3, 0.47095671981776766, 0.4909090909090909
lbfgs, identity,15, 1, off, class4, 0.24829157175398633, 0.23863636363636365
lbfgs, identity,15, 15, on, class1, 0.9100227790432802, 0.9113636363636364
lbfgs, identity,15, 15, on, class2, 0.7198177676537585, 0.7113636363636363
lbfgs, identity,15, 15, on, class3, 0.5022779043280182, 0.5159090909090909
lbfgs, identity,15, 15, on, class4, 0.40945330296127563, 0.3977272727272727
lbfgs, identity,15, 15, off, class1, 0.9048974943052391, 0.9204545454545454
lbfgs, identity,15, 15, off, class2, 0.715261958997722, 0.7431818181818182
lbfgs, identity,15, 15, off, class3, 0.5159453302961275, 0.47045454545454546
lbfgs, identity,15, 15, off, class4, 0.4140091116173121, 0.35
lbfgs, identity,15, 25, on, class1, 0.9145785876993167, 0.9
lbfgs, identity,15, 25, on, class2, 0.7181093394077449, 0.7295454545454545
lbfgs, identity,15, 25, on, class3, 0.505125284738041, 0.509090909090909
lbfgs, identity,15, 25, on, class4, 0.4191343963553531, 0.4
lbfgs, identity,15, 25, off, class1, 0.9066059225512528, 0.9113636363636364
lbfgs, identity,15, 25, off, class2, 0.7266514806378133, 0.7272727272727273
lbfgs, identity,15, 25, off, class3, 0.5165148063781321, 0.4909090909090909
lbfgs, identity,15, 25, off, class4, 0.4123006833712984, 0.36363636363636365
lbfgs, identity,15, 30, on, class1, 0.912870159453303, 0.8977272727272727
lbfgs, identity,15, 30, on, class2, 0.7238041002277904, 0.7340909090909091
lbfgs, identity,15, 30, on, class3, 0.5165148063781321, 0.4954545454545455
lbfgs, identity,15, 30, on, class4, 0.42482915717539865, 0.3477272727272727
lbfgs, identity,15, 30, off, class1, 0.9145785876993167, 0.8954545454545455
lbfgs, identity,15, 30, off, class2, 0.714123006833713, 0.7227272727272728
lbfgs, identity,15, 30, off, class3, 0.5074031890660592, 0.5409090909090909
lbfgs, identity,15, 30, off, class4, 0.4202733485193622, 0.37727272727272726
lbfgs, identity,15, 40, on, class1, 0.9174259681093394, 0.8818181818181818
lbfgs, identity,15, 40, on, class2, 0.719248291571754, 0.7340909090909091
lbfgs, identity,15, 40, on, class3, 0.5091116173120729, 0.4909090909090909
lbfgs, identity,15, 40, on, class4, 0.42482915717539865, 0.3613636363636364
lbfgs, identity,15, 40, off, class1, 0.9071753986332574, 0.925
lbfgs, identity,15, 40, off, class2, 0.7329157175398633, 0.6818181818181818
lbfgs, identity,15, 40, off, class3, 0.5165148063781321, 0.4727272727272727
lbfgs, identity,15, 40, off, class4, 0.42425968109339407, 0.35454545454545455
lbfgs, identity,25, 1, on, class1, 0.9151480637813212, 0.8909090909090909
lbfgs, identity,25, 1, on, class2, 0.7351936218678815, 0.6931818181818182
lbfgs, identity,25, 1, on, class3, 0.47038724373576307, 0.4636363636363636
lbfgs, identity,25, 1, on, class4, 0.20501138952164008, 0.20909090909090908
lbfgs, identity,25, 1, off, class1, 0.9083143507972665, 0.9113636363636364
lbfgs, identity,25, 1, off, class2, 0.7232346241457859, 0.7181818181818181
lbfgs, identity,25, 1, off, class3, 0.46924829157175396, 0.45681818181818185
lbfgs, identity,25, 1, off, class4, 0.2437357630979499, 0.23863636363636365
lbfgs, identity,25, 15, on, class1, 0.9145785876993167, 0.9022727272727272
lbfgs, identity,25, 15, on, class2, 0.7175398633257403, 0.7477272727272727
lbfgs, identity,25, 15, on, class3, 0.5176537585421412, 0.4727272727272727
lbfgs, identity,25, 15, on, class4, 0.4083143507972665, 0.38636363636363635
lbfgs, identity,25, 15, off, class1, 0.912870159453303, 0.9113636363636364
lbfgs, identity,25, 15, off, class2, 0.7272209567198178, 0.7295454545454545
lbfgs, identity,25, 15, off, class3, 0.5136674259681093, 0.4409090909090909
lbfgs, identity,25, 15, off, class4, 0.42425968109339407, 0.3795454545454545
lbfgs, identity,25, 25, on, class1, 0.9134396355353075, 0.9022727272727272
lbfgs, identity,25, 25, on, class2, 0.7306378132118451, 0.7068181818181818
lbfgs, identity,25, 25, on, class3, 0.4977220956719818, 0.525
lbfgs, identity,25, 25, on, class4, 0.42312072892938496, 0.34545454545454546
lbfgs, identity,25, 25, off, class1, 0.9117312072892938, 0.8886363636363637
lbfgs, identity,25, 25, off, class2, 0.7175398633257403, 0.6931818181818182
lbfgs, identity,25, 25, off, class3, 0.5159453302961275, 0.4909090909090909
lbfgs, identity,25, 25, off, class4, 0.40774487471526194, 0.375
lbfgs, identity,25, 30, on, class1, 0.9083143507972665, 0.9136363636363637
lbfgs, identity,25, 30, on, class2, 0.7329157175398633, 0.7022727272727273
lbfgs, identity,25, 30, on, class3, 0.5074031890660592, 0.49772727272727274
lbfgs, identity,25, 30, on, class4, 0.42369020501138954, 0.3409090909090909
lbfgs, identity,25, 30, off, class1, 0.9060364464692483, 0.9136363636363637
lbfgs, identity,25, 30, off, class2, 0.7181093394077449, 0.725
lbfgs, identity,25, 30, off, class3, 0.5011389521640092, 0.5
lbfgs, identity,25, 30, off, class4, 0.42084282460136674, 0.36818181818181817
lbfgs, identity,25, 40, on, class1, 0.9117312072892938, 0.8977272727272727
lbfgs, identity,25, 40, on, class2, 0.7146924829157175, 0.7045454545454546
lbfgs, identity,25, 40, on, class3, 0.5113895216400911, 0.49318181818181817
lbfgs, identity,25, 40, on, class4, 0.41970387243735763, 0.3659090909090909
lbfgs, identity,25, 40, off, class1, 0.9123006833712984, 0.8977272727272727
lbfgs, identity,25, 40, off, class2, 0.7317767653758542, 0.6840909090909091
lbfgs, identity,25, 40, off, class3, 0.5227790432801822, 0.49318181818181817
lbfgs, identity,25, 40, off, class4, 0.4202733485193622, 0.3340909090909091
lbfgs, identity,30, 1, on, class1, 0.9105922551252847, 0.9181818181818182
lbfgs, identity,30, 1, on, class2, 0.739749430523918, 0.7068181818181818
lbfgs, identity,30, 1, on, class3, 0.46697038724373574, 0.4659090909090909
lbfgs, identity,30, 1, on, class4, 0.21753986332574032, 0.20454545454545456
lbfgs, identity,30, 1, off, class1, 0.9048974943052391, 0.9386363636363636
lbfgs, identity,30, 1, off, class2, 0.7300683371298405, 0.7204545454545455
lbfgs, identity,30, 1, off, class3, 0.46810933940774485, 0.47045454545454546
lbfgs, identity,30, 1, off, class4, 0.23405466970387243, 0.19772727272727272
lbfgs, identity,30, 15, on, class1, 0.9151480637813212, 0.8977272727272727
lbfgs, identity,30, 15, on, class2, 0.7232346241457859, 0.7431818181818182
lbfgs, identity,30, 15, on, class3, 0.510250569476082, 0.5
lbfgs, identity,30, 15, on, class4, 0.4145785876993166, 0.36363636363636365
lbfgs, identity,30, 15, off, class1, 0.9145785876993167, 0.8909090909090909
lbfgs, identity,30, 15, off, class2, 0.7175398633257403, 0.7113636363636363
lbfgs, identity,30, 15, off, class3, 0.5199316628701595, 0.48863636363636365
lbfgs, identity,30, 15, off, class4, 0.40945330296127563, 0.4
lbfgs, identity,30, 25, on, class1, 0.9100227790432802, 0.9181818181818182
lbfgs, identity,30, 25, on, class2, 0.7232346241457859, 0.6954545454545454
lbfgs, identity,30, 25, on, class3, 0.5130979498861048, 0.45
lbfgs, identity,30, 25, on, class4, 0.42084282460136674, 0.3340909090909091
lbfgs, identity,30, 25, off, class1, 0.914009111617312, 0.9
lbfgs, identity,30, 25, off, class2, 0.7300683371298405, 0.6795454545454546
lbfgs, identity,30, 25, off, class3, 0.5130979498861048, 0.48863636363636365
lbfgs, identity,30, 25, off, class4, 0.42084282460136674, 0.3477272727272727
lbfgs, identity,30, 30, on, class1, 0.9117312072892938, 0.9090909090909091
lbfgs, identity,30, 30, on, class2, 0.7209567198177677, 0.7022727272727273
lbfgs, identity,30, 30, on, class3, 0.5136674259681093, 0.475
lbfgs, identity,30, 30, on, class4, 0.417995444191344, 0.3522727272727273
lbfgs, identity,30, 30, off, class1, 0.908883826879271, 0.9159090909090909
lbfgs, identity,30, 30, off, class2, 0.7203872437357631, 0.7386363636363636
lbfgs, identity,30, 30, off, class3, 0.5148063781321185, 0.5113636363636364
lbfgs, identity,30, 30, off, class4, 0.41287015945330297, 0.4
lbfgs, identity,30, 40, on, class1, 0.9134396355353075, 0.9
lbfgs, identity,30, 40, on, class2, 0.7334851936218679, 0.6886363636363636
lbfgs, identity,30, 40, on, class3, 0.5056947608200456, 0.5
lbfgs, identity,30, 40, on, class4, 0.4191343963553531, 0.37272727272727274
lbfgs, identity,30, 40, off, class1, 0.9094533029612756, 0.9136363636363637
lbfgs, identity,30, 40, off, class2, 0.7186788154897494, 0.7181818181818181
lbfgs, identity,30, 40, off, class3, 0.5130979498861048, 0.5045454545454545
lbfgs, identity,30, 40, off, class4, 0.4123006833712984, 0.35
lbfgs, identity,40, 1, on, class1, 0.9066059225512528, 0.9227272727272727
lbfgs, identity,40, 1, on, class2, 0.7203872437357631, 0.7454545454545455
lbfgs, identity,40, 1, on, class3, 0.47095671981776766, 0.4340909090909091
lbfgs, identity,40, 1, on, class4, 0.20387243735763097, 0.20454545454545456
lbfgs, identity,40, 1, off, class1, 0.9134396355353075, 0.8977272727272727
lbfgs, identity,40, 1, off, class2, 0.715261958997722, 0.7295454545454545
lbfgs, identity,40, 1, off, class3, 0.46867881548974943, 0.47045454545454546
lbfgs, identity,40, 1, off, class4, 0.23917995444191345, 0.2636363636363636
lbfgs, identity,40, 15, on, class1, 0.9134396355353075, 0.9022727272727272
lbfgs, identity,40, 15, on, class2, 0.7272209567198178, 0.6772727272727272
lbfgs, identity,40, 15, on, class3, 0.5079726651480638, 0.4954545454545455
lbfgs, identity,40, 15, on, class4, 0.42312072892938496, 0.36818181818181817
lbfgs, identity,40, 15, off, class1, 0.9066059225512528, 0.9136363636363637
lbfgs, identity,40, 15, off, class2, 0.7312072892938497, 0.7113636363636363
lbfgs, identity,40, 15, off, class3, 0.5148063781321185, 0.4636363636363636
lbfgs, identity,40, 15, off, class4, 0.4271070615034169, 0.34545454545454546
lbfgs, identity,40, 25, on, class1, 0.9134396355353075, 0.8977272727272727
lbfgs, identity,40, 25, on, class2, 0.7323462414578588, 0.7068181818181818
lbfgs, identity,40, 25, on, class3, 0.5113895216400911, 0.509090909090909
lbfgs, identity,40, 25, on, class4, 0.4276765375854214, 0.37272727272727274
lbfgs, identity,40, 25, off, class1, 0.9162870159453302, 0.8977272727272727
lbfgs, identity,40, 25, off, class2, 0.7232346241457859, 0.7227272727272728
lbfgs, identity,40, 25, off, class3, 0.5148063781321185, 0.45227272727272727
lbfgs, identity,40, 25, off, class4, 0.4048974943052392, 0.3840909090909091
lbfgs, identity,40, 30, on, class1, 0.9157175398633257, 0.8954545454545455
lbfgs, identity,40, 30, on, class2, 0.724373576309795, 0.7159090909090909
lbfgs, identity,40, 30, on, class3, 0.5148063781321185, 0.4636363636363636
lbfgs, identity,40, 30, on, class4, 0.4191343963553531, 0.3522727272727273
lbfgs, identity,40, 30, off, class1, 0.908883826879271, 0.9204545454545454
lbfgs, identity,40, 30, off, class2, 0.7249430523917996, 0.7318181818181818
lbfgs, identity,40, 30, off, class3, 0.5108200455580866, 0.47954545454545455
lbfgs, identity,40, 30, off, class4, 0.41116173120728927, 0.3886363636363636
lbfgs, identity,40, 40, on, class1, 0.9117312072892938, 0.8954545454545455
lbfgs, identity,40, 40, on, class2, 0.7249430523917996, 0.7
lbfgs, identity,40, 40, on, class3, 0.5108200455580866, 0.4909090909090909
lbfgs, identity,40, 40, on, class4, 0.4157175398633257, 0.3431818181818182
lbfgs, identity,40, 40, off, class1, 0.9168564920273349, 0.8863636363636364
lbfgs, identity,40, 40, off, class2, 0.7266514806378133, 0.7022727272727273
lbfgs, identity,40, 40, off, class3, 0.5039863325740319, 0.5068181818181818
lbfgs, identity,40, 40, off, class4, 0.43451025056947606, 0.36363636363636365
lbfgs, logistic,15, 1, on, class1, 0.9908883826879271, 0.8613636363636363
lbfgs, logistic,15, 1, on, class2, 0.8883826879271071, 0.7181818181818181
lbfgs, logistic,15, 1, on, class3, 0.64749430523918, 0.4954545454545455
lbfgs, logistic,15, 1, on, class4, 0.4060364464692483, 0.2727272727272727
lbfgs, logistic,15, 1, off, class1, 0.9874715261958997, 0.8477272727272728
lbfgs, logistic,15, 1, off, class2, 0.9168564920273349, 0.7477272727272727
lbfgs, logistic,15, 1, off, class3, 0.6395216400911162, 0.4863636363636364
lbfgs, logistic,15, 1, off, class4, 0.4293849658314351, 0.22954545454545455
lbfgs, logistic,15, 15, on, class1, 1.0, 0.8568181818181818
lbfgs, logistic,15, 15, on, class2, 0.9988610478359908, 0.775
lbfgs, logistic,15, 15, on, class3, 0.8849658314350797, 0.5431818181818182
lbfgs, logistic,15, 15, on, class4, 0.7722095671981777, 0.4159090909090909
lbfgs, logistic,15, 15, off, class1, 0.9982915717539863, 0.8886363636363637
lbfgs, logistic,15, 15, off, class2, 0.9982915717539863, 0.7613636363636364
lbfgs, logistic,15, 15, off, class3, 0.8912300683371298, 0.46136363636363636
lbfgs, logistic,15, 15, off, class4, 0.7790432801822323, 0.42954545454545456
lbfgs, logistic,15, 25, on, class1, 0.9977220956719818, 0.884090909090909
lbfgs, logistic,15, 25, on, class2, 1.0, 0.7818181818181819
lbfgs, logistic,15, 25, on, class3, 0.9612756264236902, 0.5340909090909091
lbfgs, logistic,15, 25, on, class4, 0.8821184510250569, 0.47045454545454546
lbfgs, logistic,15, 25, off, class1, 1.0, 0.8636363636363636
lbfgs, logistic,15, 25, off, class2, 0.9994305239179955, 0.7659090909090909
lbfgs, logistic,15, 25, off, class3, 0.9345102505694761, 0.5681818181818182
lbfgs, logistic,15, 25, off, class4, 0.8980637813211845, 0.4431818181818182
lbfgs, logistic,15, 30, on, class1, 1.0, 0.8931818181818182
lbfgs, logistic,15, 30, on, class2, 1.0, 0.7863636363636364
lbfgs, logistic,15, 30, on, class3, 0.994874715261959, 0.5159090909090909
lbfgs, logistic,15, 30, on, class4, 0.9236902050113895, 0.425
lbfgs, logistic,15, 30, off, class1, 0.9931662870159453, 0.8681818181818182
lbfgs, logistic,15, 30, off, class2, 1.0, 0.7613636363636364
lbfgs, logistic,15, 30, off, class3, 0.979498861047836, 0.5340909090909091
lbfgs, logistic,15, 30, off, class4, 0.9123006833712984, 0.46136363636363636
lbfgs, logistic,15, 40, on, class1, 1.0, 0.8727272727272727
lbfgs, logistic,15, 40, on, class2, 0.9994305239179955, 0.7477272727272727
lbfgs, logistic,15, 40, on, class3, 1.0, 0.4954545454545455
lbfgs, logistic,15, 40, on, class4, 0.9925968109339408, 0.4727272727272727
lbfgs, logistic,15, 40, off, class1, 1.0, 0.875
lbfgs, logistic,15, 40, off, class2, 1.0, 0.7954545454545454
lbfgs, logistic,15, 40, off, class3, 0.9458997722095672, 0.575
lbfgs, logistic,15, 40, off, class4, 0.9994305239179955, 0.40454545454545454
lbfgs, logistic,25, 1, on, class1, 0.9162870159453302, 0.8795454545454545
lbfgs, logistic,25, 1, on, class2, 0.9555808656036446, 0.7909090909090909
lbfgs, logistic,25, 1, on, class3, 0.7511389521640092, 0.475
lbfgs, logistic,25, 1, on, class4, 0.5159453302961275, 0.25681818181818183
lbfgs, logistic,25, 1, off, class1, 0.9874715261958997, 0.865909090909091
lbfgs, logistic,25, 1, off, class2, 0.9971526195899773, 0.8
lbfgs, logistic,25, 1, off, class3, 0.75, 0.48863636363636365
lbfgs, logistic,25, 1, off, class4, 0.505125284738041, 0.2727272727272727
lbfgs, logistic,25, 15, on, class1, 1.0, 0.875
lbfgs, logistic,25, 15, on, class2, 0.9994305239179955, 0.8045454545454546
lbfgs, logistic,25, 15, on, class3, 0.9527334851936219, 0.4772727272727273
lbfgs, logistic,25, 15, on, class4, 0.8809794988610479, 0.42045454545454547
lbfgs, logistic,25, 15, off, class1, 1.0, 0.8727272727272727
lbfgs, logistic,25, 15, off, class2, 1.0, 0.7659090909090909
lbfgs, logistic,25, 15, off, class3, 0.9493166287015945, 0.5431818181818182
lbfgs, logistic,25, 15, off, class4, 0.9117312072892938, 0.4409090909090909
lbfgs, logistic,25, 25, on, class1, 1.0, 0.8568181818181818
lbfgs, logistic,25, 25, on, class2, 1.0, 0.7340909090909091
lbfgs, logistic,25, 25, on, class3, 0.9977220956719818, 0.5454545454545454
lbfgs, logistic,25, 25, on, class4, 0.9982915717539863, 0.40454545454545454
lbfgs, logistic,25, 25, off, class1, 1.0, 0.9
lbfgs, logistic,25, 25, off, class2, 1.0, 0.7659090909090909
lbfgs, logistic,25, 25, off, class3, 1.0, 0.5477272727272727
lbfgs, logistic,25, 25, off, class4, 1.0, 0.42954545454545456
lbfgs, logistic,25, 30, on, class1, 1.0, 0.9068181818181819
lbfgs, logistic,25, 30, on, class2, 0.9982915717539863, 0.7477272727272727
lbfgs, logistic,25, 30, on, class3, 0.9937357630979499, 0.5363636363636364
lbfgs, logistic,25, 30, on, class4, 1.0, 0.47045454545454546
lbfgs, logistic,25, 30, off, class1, 1.0, 0.85
lbfgs, logistic,25, 30, off, class2, 1.0, 0.7636363636363637
lbfgs, logistic,25, 30, off, class3, 1.0, 0.475
lbfgs, logistic,25, 30, off, class4, 1.0, 0.42045454545454547
lbfgs, logistic,25, 40, on, class1, 1.0, 0.8863636363636364
lbfgs, logistic,25, 40, on, class2, 1.0, 0.8068181818181818
lbfgs, logistic,25, 40, on, class3, 1.0, 0.5454545454545454
lbfgs, logistic,25, 40, on, class4, 1.0, 0.42727272727272725
lbfgs, logistic,25, 40, off, class1, 1.0, 0.8795454545454545
lbfgs, logistic,25, 40, off, class2, 0.9994305239179955, 0.7318181818181818
lbfgs, logistic,25, 40, off, class3, 1.0, 0.5727272727272728
lbfgs, logistic,25, 40, off, class4, 1.0, 0.45681818181818185
lbfgs, logistic,30, 1, on, class1, 0.9447608200455581, 0.85
lbfgs, logistic,30, 1, on, class2, 0.9783599088838268, 0.740909090909091
lbfgs, logistic,30, 1, on, class3, 0.8439635535307517, 0.4863636363636364
lbfgs, logistic,30, 1, on, class4, 0.556378132118451, 0.2159090909090909
lbfgs, logistic,30, 1, off, class1, 0.9760820045558086, 0.8613636363636363
lbfgs, logistic,30, 1, off, class2, 0.969248291571754, 0.7636363636363637
lbfgs, logistic,30, 1, off, class3, 0.8462414578587699, 0.4772727272727273
lbfgs, logistic,30, 1, off, class4, 0.5825740318906606, 0.2318181818181818
lbfgs, logistic,30, 15, on, class1, 0.9988610478359908, 0.8340909090909091
lbfgs, logistic,30, 15, on, class2, 1.0, 0.7954545454545454
lbfgs, logistic,30, 15, on, class3, 0.9874715261958997, 0.5727272727272728
lbfgs, logistic,30, 15, on, class4, 0.9658314350797267, 0.41818181818181815
lbfgs, logistic,30, 15, off, class1, 0.9994305239179955, 0.8818181818181818
lbfgs, logistic,30, 15, off, class2, 1.0, 0.7659090909090909
lbfgs, logistic,30, 15, off, class3, 0.9960136674259681, 0.5272727272727272
lbfgs, logistic,30, 15, off, class4, 0.9470387243735763, 0.44545454545454544
lbfgs, logistic,30, 25, on, class1, 1.0, 0.8795454545454545
lbfgs, logistic,30, 25, on, class2, 1.0, 0.7954545454545454
lbfgs, logistic,30, 25, on, class3, 1.0, 0.5227272727272727
lbfgs, logistic,30, 25, on, class4, 1.0, 0.3977272727272727
lbfgs, logistic,30, 25, off, class1, 1.0, 0.8931818181818182
lbfgs, logistic,30, 25, off, class2, 1.0, 0.7772727272727272
lbfgs, logistic,30, 25, off, class3, 1.0, 0.5363636363636364
lbfgs, logistic,30, 25, off, class4, 1.0, 0.4636363636363636
lbfgs, logistic,30, 30, on, class1, 1.0, 0.884090909090909
lbfgs, logistic,30, 30, on, class2, 1.0, 0.7772727272727272
lbfgs, logistic,30, 30, on, class3, 1.0, 0.5727272727272728
lbfgs, logistic,30, 30, on, class4, 1.0, 0.38181818181818183
lbfgs, logistic,30, 30, off, class1, 1.0, 0.8613636363636363
lbfgs, logistic,30, 30, off, class2, 1.0, 0.7431818181818182
lbfgs, logistic,30, 30, off, class3, 1.0, 0.525
lbfgs, logistic,30, 30, off, class4, 1.0, 0.3931818181818182
lbfgs, logistic,30, 40, on, class1, 1.0, 0.8863636363636364
lbfgs, logistic,30, 40, on, class2, 1.0, 0.7795454545454545
lbfgs, logistic,30, 40, on, class3, 1.0, 0.5863636363636363
lbfgs, logistic,30, 40, on, class4, 1.0, 0.45681818181818185
lbfgs, logistic,30, 40, off, class1, 1.0, 0.9136363636363637
lbfgs, logistic,30, 40, off, class2, 1.0, 0.7818181818181819
lbfgs, logistic,30, 40, off, class3, 1.0, 0.5477272727272727
lbfgs, logistic,30, 40, off, class4, 1.0, 0.4659090909090909
lbfgs, logistic,40, 1, on, class1, 0.9703872437357631, 0.875
lbfgs, logistic,40, 1, on, class2, 0.9960136674259681, 0.7909090909090909
lbfgs, logistic,40, 1, on, class3, 0.9123006833712984, 0.45
lbfgs, logistic,40, 1, on, class4, 0.6566059225512528, 0.25
lbfgs, logistic,40, 1, off, class1, 0.9914578587699316, 0.9022727272727272
lbfgs, logistic,40, 1, off, class2, 0.9863325740318907, 0.7886363636363637
lbfgs, logistic,40, 1, off, class3, 0.8570615034168565, 0.4636363636363636
lbfgs, logistic,40, 1, off, class4, 0.626993166287016, 0.27045454545454545
lbfgs, logistic,40, 15, on, class1, 0.9937357630979499, 0.884090909090909
lbfgs, logistic,40, 15, on, class2, 0.9994305239179955, 0.7886363636363637
lbfgs, logistic,40, 15, on, class3, 1.0, 0.5386363636363637
lbfgs, logistic,40, 15, on, class4, 0.9982915717539863, 0.425
lbfgs, logistic,40, 15, off, class1, 1.0, 0.8954545454545455
lbfgs, logistic,40, 15, off, class2, 0.9982915717539863, 0.7840909090909091
lbfgs, logistic,40, 15, off, class3, 1.0, 0.5340909090909091
lbfgs, logistic,40, 15, off, class4, 0.9982915717539863, 0.39545454545454545
lbfgs, logistic,40, 25, on, class1, 1.0, 0.8568181818181818
lbfgs, logistic,40, 25, on, class2, 1.0, 0.8
lbfgs, logistic,40, 25, on, class3, 1.0, 0.5568181818181818
lbfgs, logistic,40, 25, on, class4, 1.0, 0.425
lbfgs, logistic,40, 25, off, class1, 1.0, 0.8977272727272727
lbfgs, logistic,40, 25, off, class2, 1.0, 0.7863636363636364
lbfgs, logistic,40, 25, off, class3, 1.0, 0.5522727272727272
lbfgs, logistic,40, 25, off, class4, 1.0, 0.4159090909090909
lbfgs, logistic,40, 30, on, class1, 1.0, 0.9
lbfgs, logistic,40, 30, on, class2, 1.0, 0.7977272727272727
lbfgs, logistic,40, 30, on, class3, 1.0, 0.5818181818181818
lbfgs, logistic,40, 30, on, class4, 1.0, 0.42272727272727273
lbfgs, logistic,40, 30, off, class1, 1.0, 0.8954545454545455
lbfgs, logistic,40, 30, off, class2, 1.0, 0.7909090909090909
lbfgs, logistic,40, 30, off, class3, 1.0, 0.5727272727272728
lbfgs, logistic,40, 30, off, class4, 1.0, 0.475
lbfgs, logistic,40, 40, on, class1, 1.0, 0.8863636363636364
lbfgs, logistic,40, 40, on, class2, 1.0, 0.8113636363636364
lbfgs, logistic,40, 40, on, class3, 1.0, 0.6363636363636364
lbfgs, logistic,40, 40, on, class4, 1.0, 0.4727272727272727
lbfgs, logistic,40, 40, off, class1, 1.0, 0.8931818181818182
lbfgs, logistic,40, 40, off, class2, 1.0, 0.7568181818181818
lbfgs, logistic,40, 40, off, class3, 1.0, 0.5931818181818181
lbfgs, logistic,40, 40, off, class4, 1.0, 0.4409090909090909
lbfgs, tanh,15, 1, on, class1, 0.9891799544419134, 0.8954545454545455
lbfgs, tanh,15, 1, on, class2, 0.974373576309795, 0.7772727272727272
lbfgs, tanh,15, 1, on, class3, 0.6463553530751709, 0.4863636363636364
lbfgs, tanh,15, 1, on, class4, 0.4185649202733485, 0.27045454545454545
lbfgs, tanh,15, 1, off, class1, 0.9880410022779044, 0.8931818181818182
lbfgs, tanh,15, 1, off, class2, 0.933371298405467, 0.7704545454545455
lbfgs, tanh,15, 1, off, class3, 0.628132118451025, 0.4409090909090909
lbfgs, tanh,15, 1, off, class4, 0.4048974943052392, 0.25227272727272726
lbfgs, tanh,15, 15, on, class1, 1.0, 0.8931818181818182
lbfgs, tanh,15, 15, on, class2, 0.9988610478359908, 0.775
lbfgs, tanh,15, 15, on, class3, 0.8775626423690205, 0.5136363636363637
lbfgs, tanh,15, 15, on, class4, 0.7750569476082004, 0.4340909090909091
lbfgs, tanh,15, 15, off, class1, 1.0, 0.8954545454545455
lbfgs, tanh,15, 15, off, class2, 1.0, 0.7636363636363637
lbfgs, tanh,15, 15, off, class3, 0.8889521640091116, 0.5522727272727272
lbfgs, tanh,15, 15, off, class4, 0.8041002277904328, 0.45227272727272727
lbfgs, tanh,15, 25, on, class1, 1.0, 0.884090909090909
lbfgs, tanh,15, 25, on, class2, 1.0, 0.8022727272727272
lbfgs, tanh,15, 25, on, class3, 0.9840546697038725, 0.5204545454545455
lbfgs, tanh,15, 25, on, class4, 0.8889521640091116, 0.42272727272727273
lbfgs, tanh,15, 25, off, class1, 1.0, 0.8954545454545455
lbfgs, tanh,15, 25, off, class2, 1.0, 0.8
lbfgs, tanh,15, 25, off, class3, 0.9806378132118451, 0.5363636363636364
lbfgs, tanh,15, 25, off, class4, 0.933371298405467, 0.3931818181818182
lbfgs, tanh,15, 30, on, class1, 1.0, 0.8931818181818182
lbfgs, tanh,15, 30, on, class2, 1.0, 0.7659090909090909
lbfgs, tanh,15, 30, on, class3, 0.994874715261959, 0.5068181818181818
lbfgs, tanh,15, 30, on, class4, 0.9806378132118451, 0.3977272727272727
lbfgs, tanh,15, 30, off, class1, 1.0, 0.9022727272727272
lbfgs, tanh,15, 30, off, class2, 1.0, 0.7659090909090909
lbfgs, tanh,15, 30, off, class3, 1.0, 0.525
lbfgs, tanh,15, 30, off, class4, 0.9817767653758542, 0.42045454545454547
lbfgs, tanh,15, 40, on, class1, 1.0, 0.8818181818181818
lbfgs, tanh,15, 40, on, class2, 1.0, 0.7454545454545455
lbfgs, tanh,15, 40, on, class3, 1.0, 0.509090909090909
lbfgs, tanh,15, 40, on, class4, 1.0, 0.4159090909090909
lbfgs, tanh,15, 40, off, class1, 1.0, 0.8931818181818182
lbfgs, tanh,15, 40, off, class2, 1.0, 0.7931818181818182
lbfgs, tanh,15, 40, off, class3, 1.0, 0.5204545454545455
lbfgs, tanh,15, 40, off, class4, 1.0, 0.42045454545454547
lbfgs, tanh,25, 1, on, class1, 0.9903189066059226, 0.9204545454545454
lbfgs, tanh,25, 1, on, class2, 0.9777904328018223, 0.7840909090909091
lbfgs, tanh,25, 1, on, class3, 0.75, 0.42727272727272725
lbfgs, tanh,25, 1, on, class4, 0.4635535307517084, 0.21818181818181817
lbfgs, tanh,25, 1, off, class1, 0.9931662870159453, 0.9136363636363637
lbfgs, tanh,25, 1, off, class2, 0.9965831435079726, 0.7977272727272727
lbfgs, tanh,25, 1, off, class3, 0.7357630979498861, 0.4681818181818182
lbfgs, tanh,25, 1, off, class4, 0.5039863325740319, 0.20909090909090908
lbfgs, tanh,25, 15, on, class1, 1.0, 0.8977272727272727
lbfgs, tanh,25, 15, on, class2, 1.0, 0.7659090909090909
lbfgs, tanh,25, 15, on, class3, 0.994874715261959, 0.4863636363636364
lbfgs, tanh,25, 15, on, class4, 0.9646924829157175, 0.36363636363636365
lbfgs, tanh,25, 15, off, class1, 1.0, 0.9204545454545454
lbfgs, tanh,25, 15, off, class2, 1.0, 0.8386363636363636
lbfgs, tanh,25, 15, off, class3, 0.9755125284738041, 0.5477272727272727
lbfgs, tanh,25, 15, off, class4, 0.9669703872437357, 0.42727272727272725
lbfgs, tanh,25, 25, on, class1, 1.0, 0.9068181818181819
lbfgs, tanh,25, 25, on, class2, 1.0, 0.7568181818181818
lbfgs, tanh,25, 25, on, class3, 1.0, 0.48863636363636365
lbfgs, tanh,25, 25, on, class4, 1.0, 0.41363636363636364
lbfgs, tanh,25, 25, off, class1, 1.0, 0.9
lbfgs, tanh,25, 25, off, class2, 1.0, 0.7977272727272727
lbfgs, tanh,25, 25, off, class3, 1.0, 0.5727272727272728
lbfgs, tanh,25, 25, off, class4, 1.0, 0.3840909090909091
lbfgs, tanh,25, 30, on, class1, 1.0, 0.8863636363636364
lbfgs, tanh,25, 30, on, class2, 1.0, 0.7886363636363637
lbfgs, tanh,25, 30, on, class3, 1.0, 0.5272727272727272
lbfgs, tanh,25, 30, on, class4, 1.0, 0.43636363636363634
lbfgs, tanh,25, 30, off, class1, 1.0, 0.8795454545454545
lbfgs, tanh,25, 30, off, class2, 1.0, 0.7818181818181819
lbfgs, tanh,25, 30, off, class3, 1.0, 0.5590909090909091
lbfgs, tanh,25, 30, off, class4, 1.0, 0.42045454545454547
lbfgs, tanh,25, 40, on, class1, 1.0, 0.8704545454545455
lbfgs, tanh,25, 40, on, class2, 1.0, 0.7886363636363637
lbfgs, tanh,25, 40, on, class3, 1.0, 0.5227272727272727
lbfgs, tanh,25, 40, on, class4, 1.0, 0.46136363636363636
lbfgs, tanh,25, 40, off, class1, 1.0, 0.9113636363636364
lbfgs, tanh,25, 40, off, class2, 1.0, 0.7772727272727272
lbfgs, tanh,25, 40, off, class3, 1.0, 0.5704545454545454
lbfgs, tanh,25, 40, off, class4, 1.0, 0.4090909090909091
lbfgs, tanh,30, 1, on, class1, 0.9840546697038725, 0.8931818181818182
lbfgs, tanh,30, 1, on, class2, 0.9806378132118451, 0.7863636363636364
lbfgs, tanh,30, 1, on, class3, 0.8314350797266514, 0.4818181818181818
lbfgs, tanh,30, 1, on, class4, 0.5854214123006833, 0.2340909090909091
lbfgs, tanh,30, 1, off, class1, 0.9920273348519362, 0.9136363636363637
lbfgs, tanh,30, 1, off, class2, 0.9823462414578588, 0.8136363636363636
lbfgs, tanh,30, 1, off, class3, 0.857630979498861, 0.49318181818181817
lbfgs, tanh,30, 1, off, class4, 0.5677676537585421, 0.2636363636363636
lbfgs, tanh,30, 15, on, class1, 1.0, 0.9159090909090909
lbfgs, tanh,30, 15, on, class2, 1.0, 0.7840909090909091
lbfgs, tanh,30, 15, on, class3, 1.0, 0.5409090909090909
lbfgs, tanh,30, 15, on, class4, 0.9891799544419134, 0.3977272727272727
lbfgs, tanh,30, 15, off, class1, 1.0, 0.9204545454545454
lbfgs, tanh,30, 15, off, class2, 1.0, 0.8
lbfgs, tanh,30, 15, off, class3, 1.0, 0.5318181818181819
lbfgs, tanh,30, 15, off, class4, 0.9840546697038725, 0.4022727272727273
lbfgs, tanh,30, 25, on, class1, 1.0, 0.9204545454545454
lbfgs, tanh,30, 25, on, class2, 1.0, 0.8045454545454546
lbfgs, tanh,30, 25, on, class3, 1.0, 0.55
lbfgs, tanh,30, 25, on, class4, 1.0, 0.42727272727272725
lbfgs, tanh,30, 25, off, class1, 1.0, 0.8795454545454545
lbfgs, tanh,30, 25, off, class2, 1.0, 0.7977272727272727
lbfgs, tanh,30, 25, off, class3, 1.0, 0.5545454545454546
lbfgs, tanh,30, 25, off, class4, 1.0, 0.3977272727272727
lbfgs, tanh,30, 30, on, class1, 1.0, 0.8704545454545455
lbfgs, tanh,30, 30, on, class2, 1.0, 0.7795454545454545
lbfgs, tanh,30, 30, on, class3, 1.0, 0.5636363636363636
lbfgs, tanh,30, 30, on, class4, 1.0, 0.4113636363636364
lbfgs, tanh,30, 30, off, class1, 1.0, 0.9136363636363637
lbfgs, tanh,30, 30, off, class2, 1.0, 0.8
lbfgs, tanh,30, 30, off, class3, 1.0, 0.5886363636363636
lbfgs, tanh,30, 30, off, class4, 1.0, 0.4318181818181818
lbfgs, tanh,30, 40, on, class1, 1.0, 0.875
lbfgs, tanh,30, 40, on, class2, 1.0, 0.8045454545454546
lbfgs, tanh,30, 40, on, class3, 1.0, 0.5636363636363636
lbfgs, tanh,30, 40, on, class4, 1.0, 0.42045454545454547
lbfgs, tanh,30, 40, off, class1, 1.0, 0.9159090909090909
lbfgs, tanh,30, 40, off, class2, 1.0, 0.8181818181818182
lbfgs, tanh,30, 40, off, class3, 1.0, 0.625
lbfgs, tanh,30, 40, off, class4, 1.0, 0.4340909090909091
lbfgs, tanh,40, 1, on, class1, 0.9943052391799544, 0.8931818181818182
lbfgs, tanh,40, 1, on, class2, 0.9960136674259681, 0.7727272727272727
lbfgs, tanh,40, 1, on, class3, 0.9310933940774487, 0.43636363636363634
lbfgs, tanh,40, 1, on, class4, 0.6907744874715261, 0.25681818181818183
lbfgs, tanh,40, 1, off, class1, 0.9886104783599089, 0.9295454545454546
lbfgs, tanh,40, 1, off, class2, 0.9925968109339408, 0.8431818181818181
lbfgs, tanh,40, 1, off, class3, 0.9197038724373576, 0.4772727272727273
lbfgs, tanh,40, 1, off, class4, 0.7015945330296127, 0.2681818181818182
lbfgs, tanh,40, 15, on, class1, 1.0, 0.9045454545454545
lbfgs, tanh,40, 15, on, class2, 1.0, 0.759090909090909
lbfgs, tanh,40, 15, on, class3, 1.0, 0.5409090909090909
lbfgs, tanh,40, 15, on, class4, 1.0, 0.44545454545454544
lbfgs, tanh,40, 15, off, class1, 1.0, 0.8863636363636364
lbfgs, tanh,40, 15, off, class2, 1.0, 0.7931818181818182
lbfgs, tanh,40, 15, off, class3, 1.0, 0.5272727272727272
lbfgs, tanh,40, 15, off, class4, 0.9988610478359908, 0.4159090909090909
lbfgs, tanh,40, 25, on, class1, 1.0, 0.8636363636363636
lbfgs, tanh,40, 25, on, class2, 1.0, 0.7840909090909091
lbfgs, tanh,40, 25, on, class3, 1.0, 0.5568181818181818
lbfgs, tanh,40, 25, on, class4, 1.0, 0.4727272727272727
lbfgs, tanh,40, 25, off, class1, 1.0, 0.9045454545454545
lbfgs, tanh,40, 25, off, class2, 1.0, 0.7931818181818182
lbfgs, tanh,40, 25, off, class3, 1.0, 0.5681818181818182
lbfgs, tanh,40, 25, off, class4, 1.0, 0.44772727272727275
lbfgs, tanh,40, 30, on, class1, 1.0, 0.9068181818181819
lbfgs, tanh,40, 30, on, class2, 1.0, 0.7886363636363637
lbfgs, tanh,40, 30, on, class3, 1.0, 0.5704545454545454
lbfgs, tanh,40, 30, on, class4, 1.0, 0.42954545454545456
lbfgs, tanh,40, 30, off, class1, 1.0, 0.9090909090909091
lbfgs, tanh,40, 30, off, class2, 1.0, 0.7795454545454545
lbfgs, tanh,40, 30, off, class3, 1.0, 0.5772727272727273
lbfgs, tanh,40, 30, off, class4, 1.0, 0.45681818181818185
lbfgs, tanh,40, 40, on, class1, 1.0, 0.9090909090909091
lbfgs, tanh,40, 40, on, class2, 1.0, 0.7795454545454545
lbfgs, tanh,40, 40, on, class3, 1.0, 0.5704545454545454
lbfgs, tanh,40, 40, on, class4, 1.0, 0.48863636363636365
lbfgs, tanh,40, 40, off, class1, 1.0, 0.9022727272727272
lbfgs, tanh,40, 40, off, class2, 1.0, 0.8113636363636364
lbfgs, tanh,40, 40, off, class3, 1.0, 0.6181818181818182
lbfgs, tanh,40, 40, off, class4, 1.0, 0.45454545454545453
lbfgs, [3],15, 1, on, class1, 0.9681093394077449, 0.8886363636363637
lbfgs, [3],15, 1, on, class2, 0.5484054669703873, 0.5295454545454545
lbfgs, [3],15, 1, on, class3, 0.45045558086560367, 0.4659090909090909
lbfgs, [3],15, 1, on, class4, 0.27733485193621865, 0.18863636363636363
lbfgs, [3],15, 1, off, class1, 0.9066059225512528, 0.9181818181818182
lbfgs, [3],15, 1, off, class2, 0.9225512528473804, 0.7636363636363637
lbfgs, [3],15, 1, off, class3, 0.4498861047835991, 0.4681818181818182
lbfgs, [3],15, 1, off, class4, 0.2875854214123007, 0.19545454545454546
lbfgs, [3],15, 15, on, class1, 1.0, 0.8818181818181818
lbfgs, [3],15, 15, on, class2, 0.9977220956719818, 0.7909090909090909
lbfgs, [3],15, 15, on, class3, 0.784738041002278, 0.5590909090909091
lbfgs, [3],15, 15, on, class4, 0.7135535307517085, 0.4863636363636364
lbfgs, [3],15, 15, off, class1, 1.0, 0.8522727272727273
lbfgs, [3],15, 15, off, class2, 0.9840546697038725, 0.7681818181818182
lbfgs, [3],15, 15, off, class3, 0.8137813211845103, 0.575
lbfgs, [3],15, 15, off, class4, 0.7471526195899773, 0.44772727272727275
lbfgs, [3],15, 25, on, class1, 1.0, 0.9
lbfgs, [3],15, 25, on, class2, 1.0, 0.8
lbfgs, [3],15, 25, on, class3, 0.908883826879271, 0.5431818181818182
lbfgs, [3],15, 25, on, class4, 0.8542141230068337, 0.4727272727272727
lbfgs, [3],15, 25, off, class1, 1.0, 0.8772727272727273
lbfgs, [3],15, 25, off, class2, 1.0, 0.7954545454545454
lbfgs, [3],15, 25, off, class3, 0.8906605922551253, 0.5727272727272728
lbfgs, [3],15, 25, off, class4, 0.821753986332574, 0.4659090909090909
lbfgs, [3],15, 30, on, class1, 1.0, 0.8909090909090909
lbfgs, [3],15, 30, on, class2, 1.0, 0.7909090909090909
lbfgs, [3],15, 30, on, class3, 0.9219817767653758, 0.5409090909090909
lbfgs, [3],15, 30, on, class4, 0.8519362186788155, 0.46136363636363636
lbfgs, [3],15, 30, off, class1, 1.0, 0.9
lbfgs, [3],15, 30, off, class2, 1.0, 0.7545454545454545
lbfgs, [3],15, 30, off, class3, 0.9447608200455581, 0.5727272727272728
lbfgs, [3],15, 30, off, class4, 0.8764236902050114, 0.4909090909090909
lbfgs, [3],15, 40, on, class1, 1.0, 0.9
lbfgs, [3],15, 40, on, class2, 1.0, 0.8204545454545454
lbfgs, [3],15, 40, on, class3, 0.979498861047836, 0.5227272727272727
lbfgs, [3],15, 40, on, class4, 0.9316628701594533, 0.46136363636363636
lbfgs, [3],15, 40, off, class1, 1.0, 0.9113636363636364
lbfgs, [3],15, 40, off, class2, 1.0, 0.7931818181818182
lbfgs, [3],15, 40, off, class3, 0.9760820045558086, 0.5545454545454546
lbfgs, [3],15, 40, off, class4, 0.9373576309794989, 0.45227272727272727
lbfgs, [3],25, 1, on, class1, 0.912870159453303, 0.8931818181818182
lbfgs, [3],25, 1, on, class2, 0.9248291571753986, 0.7863636363636364
lbfgs, [3],25, 1, on, class3, 0.4550113895216401, 0.44772727272727275
lbfgs, [3],25, 1, on, class4, 0.4168564920273349, 0.2772727272727273
lbfgs, [3],25, 1, off, class1, 0.9994305239179955, 0.9113636363636364
lbfgs, [3],25, 1, off, class2, 0.9168564920273349, 0.7636363636363637
lbfgs, [3],25, 1, off, class3, 0.6053530751708428, 0.48863636363636365
lbfgs, [3],25, 1, off, class4, 0.30353075170842825, 0.22727272727272727
lbfgs, [3],25, 15, on, class1, 1.0, 0.8772727272727273
lbfgs, [3],25, 15, on, class2, 1.0, 0.725
lbfgs, [3],25, 15, on, class3, 0.9031890660592256, 0.5681818181818182
lbfgs, [3],25, 15, on, class4, 0.835990888382688, 0.4818181818181818
lbfgs, [3],25, 15, off, class1, 1.0, 0.8977272727272727
lbfgs, [3],25, 15, off, class2, 1.0, 0.775
lbfgs, [3],25, 15, off, class3, 0.9168564920273349, 0.6227272727272727
lbfgs, [3],25, 15, off, class4, 0.8804100227790432, 0.47045454545454546
lbfgs, [3],25, 25, on, class1, 1.0, 0.8977272727272727
lbfgs, [3],25, 25, on, class2, 1.0, 0.775
lbfgs, [3],25, 25, on, class3, 0.9903189066059226, 0.5931818181818181
lbfgs, [3],25, 25, on, class4, 0.9328018223234624, 0.45454545454545453
lbfgs, [3],25, 25, off, class1, 1.0, 0.9363636363636364
lbfgs, [3],25, 25, off, class2, 1.0, 0.775
lbfgs, [3],25, 25, off, class3, 1.0, 0.5590909090909091
lbfgs, [3],25, 25, off, class4, 0.9891799544419134, 0.5
lbfgs, [3],25, 30, on, class1, 1.0, 0.9090909090909091
lbfgs, [3],25, 30, on, class2, 1.0, 0.8022727272727272
lbfgs, [3],25, 30, on, class3, 0.9994305239179955, 0.5772727272727273
lbfgs, [3],25, 30, on, class4, 1.0, 0.4727272727272727
lbfgs, [3],25, 30, off, class1, 1.0, 0.9136363636363637
lbfgs, [3],25, 30, off, class2, 1.0, 0.7931818181818182
lbfgs, [3],25, 30, off, class3, 0.9931662870159453, 0.5477272727272727
lbfgs, [3],25, 30, off, class4, 0.9903189066059226, 0.47954545454545455
lbfgs, [3],25, 40, on, class1, 1.0, 0.9068181818181819
lbfgs, [3],25, 40, on, class2, 1.0, 0.8272727272727273
lbfgs, [3],25, 40, on, class3, 1.0, 0.6068181818181818
lbfgs, [3],25, 40, on, class4, 1.0, 0.49772727272727274
lbfgs, [3],25, 40, off, class1, 1.0, 0.8909090909090909
lbfgs, [3],25, 40, off, class2, 1.0, 0.7363636363636363
lbfgs, [3],25, 40, off, class3, 1.0, 0.5340909090909091
lbfgs, [3],25, 40, off, class4, 1.0, 0.475
lbfgs, [3],30, 1, on, class1, 0.9732346241457859, 0.8954545454545455
lbfgs, [3],30, 1, on, class2, 0.9817767653758542, 0.8
lbfgs, [3],30, 1, on, class3, 0.6469248291571754, 0.4909090909090909
lbfgs, [3],30, 1, on, class4, 0.332004555808656, 0.2727272727272727
lbfgs, [3],30, 1, off, class1, 0.9083143507972665, 0.9113636363636364
lbfgs, [3],30, 1, off, class2, 0.9772209567198178, 0.7954545454545454
lbfgs, [3],30, 1, off, class3, 0.6668564920273349, 0.509090909090909
lbfgs, [3],30, 1, off, class4, 0.37528473804100226, 0.19772727272727272
lbfgs, [3],30, 15, on, class1, 1.0, 0.8977272727272727
lbfgs, [3],30, 15, on, class2, 1.0, 0.75
lbfgs, [3],30, 15, on, class3, 0.9635535307517085, 0.55
lbfgs, [3],30, 15, on, class4, 0.8895216400911162, 0.4636363636363636
lbfgs, [3],30, 15, off, class1, 1.0, 0.8886363636363637
lbfgs, [3],30, 15, off, class2, 1.0, 0.7954545454545454
lbfgs, [3],30, 15, off, class3, 0.8980637813211845, 0.5727272727272728
lbfgs, [3],30, 15, off, class4, 0.9367881548974943, 0.4772727272727273
lbfgs, [3],30, 25, on, class1, 1.0, 0.8954545454545455
lbfgs, [3],30, 25, on, class2, 1.0, 0.7727272727272727
lbfgs, [3],30, 25, on, class3, 1.0, 0.5613636363636364
lbfgs, [3],30, 25, on, class4, 0.9994305239179955, 0.4909090909090909
lbfgs, [3],30, 25, off, class1, 1.0, 0.9022727272727272
lbfgs, [3],30, 25, off, class2, 1.0, 0.7636363636363637
lbfgs, [3],30, 25, off, class3, 1.0, 0.6090909090909091
lbfgs, [3],30, 25, off, class4, 1.0, 0.475
lbfgs, [3],30, 30, on, class1, 1.0, 0.9022727272727272
lbfgs, [3],30, 30, on, class2, 1.0, 0.8068181818181818
lbfgs, [3],30, 30, on, class3, 1.0, 0.5568181818181818
lbfgs, [3],30, 30, on, class4, 1.0, 0.5159090909090909
lbfgs, [3],30, 30, off, class1, 1.0, 0.884090909090909
lbfgs, [3],30, 30, off, class2, 1.0, 0.7795454545454545
lbfgs, [3],30, 30, off, class3, 1.0, 0.5363636363636364
lbfgs, [3],30, 30, off, class4, 1.0, 0.47954545454545455
lbfgs, [3],30, 40, on, class1, 1.0, 0.8863636363636364
lbfgs, [3],30, 40, on, class2, 1.0, 0.7545454545454545
lbfgs, [3],30, 40, on, class3, 1.0, 0.5772727272727273
lbfgs, [3],30, 40, on, class4, 1.0, 0.5204545454545455
lbfgs, [3],30, 40, off, class1, 1.0, 0.8977272727272727
lbfgs, [3],30, 40, off, class2, 1.0, 0.8204545454545454
lbfgs, [3],30, 40, off, class3, 1.0, 0.5863636363636363
lbfgs, [3],30, 40, off, class4, 1.0, 0.4727272727272727
lbfgs, [3],40, 1, on, class1, 0.9060364464692483, 0.9204545454545454
lbfgs, [3],40, 1, on, class2, 0.9965831435079726, 0.8068181818181818
lbfgs, [3],40, 1, on, class3, 0.5261958997722096, 0.425
lbfgs, [3],40, 1, on, class4, 0.09567198177676538, 0.07272727272727272
lbfgs, [3],40, 1, off, class1, 0.9111617312072893, 0.9
lbfgs, [3],40, 1, off, class2, 0.994874715261959, 0.7681818181818182
lbfgs, [3],40, 1, off, class3, 0.664009111617312, 0.5136363636363637
lbfgs, [3],40, 1, off, class4, 0.42425968109339407, 0.20454545454545456
lbfgs, [3],40, 15, on, class1, 1.0, 0.9090909090909091
lbfgs, [3],40, 15, on, class2, 1.0, 0.8318181818181818
lbfgs, [3],40, 15, on, class3, 0.9994305239179955, 0.5886363636363636
lbfgs, [3],40, 15, on, class4, 0.9675398633257403, 0.4909090909090909
lbfgs, [3],40, 15, off, class1, 1.0, 0.9113636363636364
lbfgs, [3],40, 15, off, class2, 0.9994305239179955, 0.8204545454545454
lbfgs, [3],40, 15, off, class3, 1.0, 0.5431818181818182
lbfgs, [3],40, 15, off, class4, 0.9851936218678815, 0.4772727272727273
lbfgs, [3],40, 25, on, class1, 1.0, 0.9022727272727272
lbfgs, [3],40, 25, on, class2, 1.0, 0.7977272727272727
lbfgs, [3],40, 25, on, class3, 1.0, 0.5795454545454546
lbfgs, [3],40, 25, on, class4, 1.0, 0.4431818181818182
lbfgs, [3],40, 25, off, class1, 1.0, 0.9022727272727272
lbfgs, [3],40, 25, off, class2, 1.0, 0.7863636363636364
lbfgs, [3],40, 25, off, class3, 1.0, 0.5795454545454546
lbfgs, [3],40, 25, off, class4, 1.0, 0.5068181818181818
lbfgs, [3],40, 30, on, class1, 1.0, 0.8886363636363637
lbfgs, [3],40, 30, on, class2, 1.0, 0.7818181818181819
lbfgs, [3],40, 30, on, class3, 1.0, 0.5886363636363636
lbfgs, [3],40, 30, on, class4, 1.0, 0.49318181818181817
lbfgs, [3],40, 30, off, class1, 1.0, 0.9136363636363637
lbfgs, [3],40, 30, off, class2, 1.0, 0.8
lbfgs, [3],40, 30, off, class3, 1.0, 0.5636363636363636
lbfgs, [3],40, 30, off, class4, 1.0, 0.49772727272727274
lbfgs, [3],40, 40, on, class1, 1.0, 0.8863636363636364
lbfgs, [3],40, 40, on, class2, 1.0, 0.7909090909090909
lbfgs, [3],40, 40, on, class3, 1.0, 0.615909090909091
lbfgs, [3],40, 40, on, class4, 1.0, 0.48409090909090907
lbfgs, [3],40, 40, off, class1, 1.0, 0.9
lbfgs, [3],40, 40, off, class2, 1.0, 0.7795454545454545
lbfgs, [3],40, 40, off, class3, 1.0, 0.5977272727272728
lbfgs, [3],40, 40, off, class4, 1.0, 0.475
sgd, identity,15, 1, on, class1, 0.907744874715262, 0.9090909090909091
sgd, identity,15, 1, on, class2, 0.7050113895216401, 0.7022727272727273
sgd, identity,15, 1, on, class3, 0.4869020501138952, 0.4409090909090909
sgd, identity,15, 1, on, class4, 0.22892938496583143, 0.17954545454545454
sgd, identity,15, 1, off, class1, 0.912870159453303, 0.8909090909090909
sgd, identity,15, 1, off, class2, 0.7067198177676538, 0.6931818181818182
sgd, identity,15, 1, off, class3, 0.47095671981776766, 0.4909090909090909
sgd, identity,15, 1, off, class4, 0.23291571753986332, 0.18636363636363637
sgd, identity,15, 15, on, class1, 0.9048974943052391, 0.9227272727272727
sgd, identity,15, 15, on, class2, 0.7181093394077449, 0.7045454545454546
sgd, identity,15, 15, on, class3, 0.49430523917995445, 0.5181818181818182
sgd, identity,15, 15, on, class4, 0.3895216400911162, 0.33181818181818185
sgd, identity,15, 15, off, class1, 0.9083143507972665, 0.9090909090909091
sgd, identity,15, 15, off, class2, 0.7101366742596811, 0.7295454545454545
sgd, identity,15, 15, off, class3, 0.4988610478359909, 0.5
sgd, identity,15, 15, off, class4, 0.36503416856492027, 0.33181818181818185
sgd, identity,15, 25, on, class1, 0.9111617312072893, 0.9022727272727272
sgd, identity,15, 25, on, class2, 0.7112756264236902, 0.7181818181818181
sgd, identity,15, 25, on, class3, 0.49259681093394075, 0.49318181818181817
sgd, identity,15, 25, on, class4, 0.3684510250569476, 0.35
sgd, identity,15, 25, off, class1, 0.9066059225512528, 0.9181818181818182
sgd, identity,15, 25, off, class2, 0.7198177676537585, 0.7022727272727273
sgd, identity,15, 25, off, class3, 0.5182232346241458, 0.44772727272727275
sgd, identity,15, 25, off, class4, 0.3940774487471526, 0.32045454545454544
sgd, identity,15, 30, on, class1, 0.9100227790432802, 0.9045454545454545
sgd, identity,15, 30, on, class2, 0.7220956719817767, 0.7113636363636363
sgd, identity,15, 30, on, class3, 0.5011389521640092, 0.5022727272727273
sgd, identity,15, 30, on, class4, 0.3775626423690205, 0.3340909090909091
sgd, identity,15, 30, off, class1, 0.9066059225512528, 0.9181818181818182
sgd, identity,15, 30, off, class2, 0.69874715261959, 0.7454545454545455
sgd, identity,15, 30, off, class3, 0.5039863325740319, 0.49318181818181817
sgd, identity,15, 30, off, class4, 0.3878132118451025, 0.3340909090909091
sgd, identity,15, 40, on, class1, 0.9054669703872438, 0.9227272727272727
sgd, identity,15, 40, on, class2, 0.7095671981776766, 0.7022727272727273
sgd, identity,15, 40, on, class3, 0.5091116173120729, 0.4727272727272727
sgd, identity,15, 40, on, class4, 0.39806378132118453, 0.3613636363636364
sgd, identity,15, 40, off, class1, 0.9031890660592256, 0.9295454545454546
sgd, identity,15, 40, off, class2, 0.7078587699316629, 0.6977272727272728
sgd, identity,15, 40, off, class3, 0.494874715261959, 0.5
sgd, identity,15, 40, off, class4, 0.3684510250569476, 0.35909090909090907
sgd, identity,25, 1, on, class1, 0.9100227790432802, 0.9045454545454545
sgd, identity,25, 1, on, class2, 0.6976082004555809, 0.6954545454545454
sgd, identity,25, 1, on, class3, 0.4515945330296128, 0.48409090909090907
sgd, identity,25, 1, on, class4, 0.23006833712984054, 0.21363636363636362
sgd, identity,25, 1, off, class1, 0.9048974943052391, 0.9227272727272727
sgd, identity,25, 1, off, class2, 0.715261958997722, 0.7045454545454546
sgd, identity,25, 1, off, class3, 0.47266514806378135, 0.5068181818181818
sgd, identity,25, 1, off, class4, 0.17425968109339407, 0.19318181818181818
sgd, identity,25, 15, on, class1, 0.9066059225512528, 0.9136363636363637
sgd, identity,25, 15, on, class2, 0.7181093394077449, 0.7
sgd, identity,25, 15, on, class3, 0.515375854214123, 0.45
sgd, identity,25, 15, on, class4, 0.37699316628701596, 0.32272727272727275
sgd, identity,25, 15, off, class1, 0.9054669703872438, 0.9204545454545454
sgd, identity,25, 15, off, class2, 0.715261958997722, 0.6954545454545454
sgd, identity,25, 15, off, class3, 0.5113895216400911, 0.45
sgd, identity,25, 15, off, class4, 0.37186788154897493, 0.3659090909090909
sgd, identity,25, 25, on, class1, 0.912870159453303, 0.8931818181818182
sgd, identity,25, 25, on, class2, 0.7203872437357631, 0.7340909090909091
sgd, identity,25, 25, on, class3, 0.4971526195899772, 0.49772727272727274
sgd, identity,25, 25, on, class4, 0.38439635535307515, 0.35909090909090907
sgd, identity,25, 25, off, class1, 0.9123006833712984, 0.8931818181818182
sgd, identity,25, 25, off, class2, 0.6976082004555809, 0.75
sgd, identity,25, 25, off, class3, 0.5079726651480638, 0.4659090909090909
sgd, identity,25, 25, off, class4, 0.38496583143507973, 0.35454545454545455
sgd, identity,25, 30, on, class1, 0.9111617312072893, 0.9022727272727272
sgd, identity,25, 30, on, class2, 0.7255125284738041, 0.6795454545454546
sgd, identity,25, 30, on, class3, 0.510250569476082, 0.4772727272727273
sgd, identity,25, 30, on, class4, 0.3917995444191344, 0.30227272727272725
sgd, identity,25, 30, off, class1, 0.914009111617312, 0.8886363636363637
sgd, identity,25, 30, off, class2, 0.7164009111617312, 0.6909090909090909
sgd, identity,25, 30, off, class3, 0.5227790432801822, 0.42954545454545456
sgd, identity,25, 30, off, class4, 0.3815489749430524, 0.3704545454545455
sgd, identity,25, 40, on, class1, 0.908883826879271, 0.9113636363636364
sgd, identity,25, 40, on, class2, 0.7283599088838268, 0.6977272727272728
sgd, identity,25, 40, on, class3, 0.4982915717539863, 0.4954545454545455
sgd, identity,25, 40, on, class4, 0.3821184510250569, 0.3659090909090909
sgd, identity,25, 40, off, class1, 0.9083143507972665, 0.9068181818181819
sgd, identity,25, 40, off, class2, 0.714123006833713, 0.6840909090909091
sgd, identity,25, 40, off, class3, 0.4994305239179954, 0.47954545454545455
sgd, identity,25, 40, off, class4, 0.37300683371298404, 0.3886363636363636
sgd, identity,30, 1, on, class1, 0.9134396355353075, 0.884090909090909
sgd, identity,30, 1, on, class2, 0.7158314350797267, 0.6954545454545454
sgd, identity,30, 1, on, class3, 0.48519362186788156, 0.42727272727272725
sgd, identity,30, 1, on, class4, 0.21241457858769933, 0.18181818181818182
sgd, identity,30, 1, off, class1, 0.907744874715262, 0.9136363636363637
sgd, identity,30, 1, off, class2, 0.7158314350797267, 0.7045454545454546
sgd, identity,30, 1, off, class3, 0.4732346241457859, 0.48863636363636365
sgd, identity,30, 1, off, class4, 0.2317767653758542, 0.19545454545454546
sgd, identity,30, 15, on, class1, 0.9111617312072893, 0.8977272727272727
sgd, identity,30, 15, on, class2, 0.7038724373576309, 0.7045454545454546
sgd, identity,30, 15, on, class3, 0.494874715261959, 0.5227272727272727
sgd, identity,30, 15, on, class4, 0.3735763097949886, 0.36363636363636365
sgd, identity,30, 15, off, class1, 0.9066059225512528, 0.9181818181818182
sgd, identity,30, 15, off, class2, 0.714123006833713, 0.6931818181818182
sgd, identity,30, 15, off, class3, 0.49544419134396356, 0.5113636363636364
sgd, identity,30, 15, off, class4, 0.3809794988610478, 0.35909090909090907
sgd, identity,30, 25, on, class1, 0.9111617312072893, 0.9
sgd, identity,30, 25, on, class2, 0.7283599088838268, 0.6704545454545454
sgd, identity,30, 25, on, class3, 0.5068337129840547, 0.47954545454545455
sgd, identity,30, 25, on, class4, 0.3878132118451025, 0.33636363636363636
sgd, identity,30, 25, off, class1, 0.9094533029612756, 0.9068181818181819
sgd, identity,30, 25, off, class2, 0.7033029612756264, 0.7545454545454545
sgd, identity,30, 25, off, class3, 0.5108200455580866, 0.45227272727272727
sgd, identity,30, 25, off, class4, 0.3809794988610478, 0.38181818181818183
sgd, identity,30, 30, on, class1, 0.9111617312072893, 0.9
sgd, identity,30, 30, on, class2, 0.7084282460136674, 0.725
sgd, identity,30, 30, on, class3, 0.5056947608200456, 0.5068181818181818
sgd, identity,30, 30, on, class4, 0.3935079726651481, 0.33181818181818185
sgd, identity,30, 30, off, class1, 0.9094533029612756, 0.9068181818181819
sgd, identity,30, 30, off, class2, 0.714123006833713, 0.6954545454545454
sgd, identity,30, 30, off, class3, 0.4994305239179954, 0.4909090909090909
sgd, identity,30, 30, off, class4, 0.3878132118451025, 0.34545454545454546
sgd, identity,30, 40, on, class1, 0.907744874715262, 0.9159090909090909
sgd, identity,30, 40, on, class2, 0.7146924829157175, 0.7068181818181818
sgd, identity,30, 40, on, class3, 0.5068337129840547, 0.45681818181818185
sgd, identity,30, 40, on, class4, 0.38838268792710706, 0.325
sgd, identity,30, 40, off, class1, 0.9043280182232346, 0.9295454545454546
sgd, identity,30, 40, off, class2, 0.7124145785876993, 0.725
sgd, identity,30, 40, off, class3, 0.5079726651480638, 0.4863636363636364
sgd, identity,30, 40, off, class4, 0.3826879271070615, 0.35
sgd, identity,40, 1, on, class1, 0.9123006833712984, 0.8954545454545455
sgd, identity,40, 1, on, class2, 0.7027334851936219, 0.7090909090909091
sgd, identity,40, 1, on, class3, 0.46184510250569477, 0.44772727272727275
sgd, identity,40, 1, on, class4, 0.2061503416856492, 0.19545454545454546
sgd, identity,40, 1, off, class1, 0.907744874715262, 0.9136363636363637
sgd, identity,40, 1, off, class2, 0.6839407744874715, 0.7272727272727273
sgd, identity,40, 1, off, class3, 0.4766514806378132, 0.46136363636363636
sgd, identity,40, 1, off, class4, 0.1845102505694761, 0.16363636363636364
sgd, identity,40, 15, on, class1, 0.907744874715262, 0.9159090909090909
sgd, identity,40, 15, on, class2, 0.7135535307517085, 0.7272727272727273
sgd, identity,40, 15, on, class3, 0.5039863325740319, 0.5136363636363637
sgd, identity,40, 15, on, class4, 0.392369020501139, 0.30454545454545456
sgd, identity,40, 15, off, class1, 0.9060364464692483, 0.9227272727272727
sgd, identity,40, 15, off, class2, 0.7232346241457859, 0.6954545454545454
sgd, identity,40, 15, off, class3, 0.5079726651480638, 0.5022727272727273
sgd, identity,40, 15, off, class4, 0.37813211845102507, 0.35454545454545455
sgd, identity,40, 25, on, class1, 0.9066059225512528, 0.9159090909090909
sgd, identity,40, 25, on, class2, 0.7101366742596811, 0.7227272727272728
sgd, identity,40, 25, on, class3, 0.5011389521640092, 0.48863636363636365
sgd, identity,40, 25, on, class4, 0.3792710706150342, 0.34545454545454546
sgd, identity,40, 25, off, class1, 0.9054669703872438, 0.925
sgd, identity,40, 25, off, class2, 0.7226651480637813, 0.7068181818181818
sgd, identity,40, 25, off, class3, 0.5079726651480638, 0.4681818181818182
sgd, identity,40, 25, off, class4, 0.39977220956719817, 0.35909090909090907
sgd, identity,40, 30, on, class1, 0.9043280182232346, 0.9295454545454546
sgd, identity,40, 30, on, class2, 0.7146924829157175, 0.7090909090909091
sgd, identity,40, 30, on, class3, 0.5017084282460137, 0.49318181818181817
sgd, identity,40, 30, on, class4, 0.38610478359908884, 0.3431818181818182
sgd, identity,40, 30, off, class1, 0.907744874715262, 0.9136363636363637
sgd, identity,40, 30, off, class2, 0.7215261958997722, 0.6522727272727272
sgd, identity,40, 30, off, class3, 0.5022779043280182, 0.4954545454545455
sgd, identity,40, 30, off, class4, 0.37186788154897493, 0.34545454545454546
sgd, identity,40, 40, on, class1, 0.9174259681093394, 0.875
sgd, identity,40, 40, on, class2, 0.7164009111617312, 0.6795454545454546
sgd, identity,40, 40, on, class3, 0.5028473804100227, 0.4909090909090909
sgd, identity,40, 40, on, class4, 0.4020501138952164, 0.36818181818181817
sgd, identity,40, 40, off, class1, 0.9071753986332574, 0.9159090909090909
sgd, identity,40, 40, off, class2, 0.7255125284738041, 0.6886363636363636
sgd, identity,40, 40, off, class3, 0.5034168564920274, 0.5
sgd, identity,40, 40, off, class4, 0.40261958997722097, 0.3159090909090909
sgd, logistic,15, 1, on, class1, 0.9083143507972665, 0.9113636363636364
sgd, logistic,15, 1, on, class2, 0.5535307517084282, 0.509090909090909
sgd, logistic,15, 1, on, class3, 0.4510250569476082, 0.4636363636363636
sgd, logistic,15, 1, on, class4, 0.08826879271070615, 0.10454545454545454
sgd, logistic,15, 1, off, class1, 0.9054669703872438, 0.9227272727272727
sgd, logistic,15, 1, off, class2, 0.5438496583143508, 0.5477272727272727
sgd, logistic,15, 1, off, class3, 0.44646924829157175, 0.4818181818181818
sgd, logistic,15, 1, off, class4, 0.09225512528473805, 0.08636363636363636
sgd, logistic,15, 15, on, class1, 0.9117312072892938, 0.8977272727272727
sgd, logistic,15, 15, on, class2, 0.5489749430523918, 0.5272727272727272
sgd, logistic,15, 15, on, class3, 0.45728929384965833, 0.43863636363636366
sgd, logistic,15, 15, on, class4, 0.08997722095671981, 0.075
sgd, logistic,15, 15, off, class1, 0.9100227790432802, 0.9045454545454545
sgd, logistic,15, 15, off, class2, 0.5444191343963554, 0.5454545454545454
sgd, logistic,15, 15, off, class3, 0.44362186788154895, 0.49318181818181817
sgd, logistic,15, 15, off, class4, 0.08997722095671981, 0.07954545454545454
sgd, logistic,15, 25, on, class1, 0.9083143507972665, 0.9113636363636364
sgd, logistic,15, 25, on, class2, 0.5558086560364465, 0.5
sgd, logistic,15, 25, on, class3, 0.4458997722095672, 0.48409090909090907
sgd, logistic,15, 25, on, class4, 0.08656036446469248, 0.0659090909090909
sgd, logistic,15, 25, off, class1, 0.9060364464692483, 0.9204545454545454
sgd, logistic,15, 25, off, class2, 0.5387243735763098, 0.5681818181818182
sgd, logistic,15, 25, off, class3, 0.44931662870159456, 0.47045454545454546
sgd, logistic,15, 25, off, class4, 0.10364464692482915, 0.0659090909090909
sgd, logistic,15, 30, on, class1, 0.9014806378132119, 0.9386363636363636
sgd, logistic,15, 30, on, class2, 0.5449886104783599, 0.5431818181818182
sgd, logistic,15, 30, on, class3, 0.45956719817767655, 0.42954545454545456
sgd, logistic,15, 30, on, class4, 0.11275626423690205, 0.08636363636363636
sgd, logistic,15, 30, off, class1, 0.9048974943052391, 0.925
sgd, logistic,15, 30, off, class2, 0.5421412300683371, 0.5545454545454546
sgd, logistic,15, 30, off, class3, 0.4561503416856492, 0.4431818181818182
sgd, logistic,15, 30, off, class4, 0.09851936218678815, 0.06363636363636363
sgd, logistic,15, 40, on, class1, 0.9123006833712984, 0.8954545454545455
sgd, logistic,15, 40, on, class2, 0.5455580865603644, 0.5409090909090909
sgd, logistic,15, 40, on, class3, 0.4544419134396355, 0.45
sgd, logistic,15, 40, on, class4, 0.06662870159453303, 0.05909090909090909
sgd, logistic,15, 40, off, class1, 0.9111617312072893, 0.9
sgd, logistic,15, 40, off, class2, 0.5353075170842825, 0.5818181818181818
sgd, logistic,15, 40, off, class3, 0.44817767653758545, 0.475
sgd, logistic,15, 40, off, class4, 0.10364464692482915, 0.08636363636363636
sgd, logistic,25, 1, on, class1, 0.9162870159453302, 0.8795454545454545
sgd, logistic,25, 1, on, class2, 0.534738041002278, 0.5727272727272728
sgd, logistic,25, 1, on, class3, 0.4498861047835991, 0.4681818181818182
sgd, logistic,25, 1, on, class4, 0.09054669703872438, 0.09318181818181819
sgd, logistic,25, 1, off, class1, 0.9191343963553531, 0.8681818181818182
sgd, logistic,25, 1, off, class2, 0.5466970387243736, 0.5363636363636364
sgd, logistic,25, 1, off, class3, 0.4624145785876993, 0.41818181818181815
sgd, logistic,25, 1, off, class4, 0.08997722095671981, 0.08409090909090909
sgd, logistic,25, 15, on, class1, 0.9094533029612756, 0.9068181818181819
sgd, logistic,25, 15, on, class2, 0.5586560364464692, 0.48863636363636365
sgd, logistic,25, 15, on, class3, 0.4527334851936219, 0.45681818181818185
sgd, logistic,25, 15, on, class4, 0.09681093394077449, 0.08636363636363636
sgd, logistic,25, 15, off, class1, 0.9123006833712984, 0.8954545454545455
sgd, logistic,25, 15, off, class2, 0.5472665148063781, 0.5340909090909091
sgd, logistic,25, 15, off, class3, 0.45842824601366744, 0.4340909090909091
sgd, logistic,25, 15, off, class4, 0.09965831435079726, 0.12045454545454545
sgd, logistic,25, 25, on, class1, 0.9094533029612756, 0.9068181818181819
sgd, logistic,25, 25, on, class2, 0.5404328018223234, 0.5613636363636364
sgd, logistic,25, 25, on, class3, 0.4635535307517084, 0.41363636363636364
sgd, logistic,25, 25, on, class4, 0.09624145785876993, 0.07727272727272727
sgd, logistic,25, 25, off, class1, 0.914009111617312, 0.8886363636363637
sgd, logistic,25, 25, off, class2, 0.5466970387243736, 0.5363636363636364
sgd, logistic,25, 25, off, class3, 0.44533029612756264, 0.4863636363636364
sgd, logistic,25, 25, off, class4, 0.1030751708428246, 0.08181818181818182
sgd, logistic,25, 30, on, class1, 0.9048974943052391, 0.925
sgd, logistic,25, 30, on, class2, 0.5392938496583144, 0.5659090909090909
sgd, logistic,25, 30, on, class3, 0.4515945330296128, 0.46136363636363636
sgd, logistic,25, 30, on, class4, 0.10136674259681093, 0.075
sgd, logistic,25, 30, off, class1, 0.9123006833712984, 0.8954545454545455
sgd, logistic,25, 30, off, class2, 0.5478359908883826, 0.5318181818181819
sgd, logistic,25, 30, off, class3, 0.4635535307517084, 0.41363636363636364
sgd, logistic,25, 30, off, class4, 0.09339407744874716, 0.06363636363636363
sgd, logistic,25, 40, on, class1, 0.907744874715262, 0.9136363636363637
sgd, logistic,25, 40, on, class2, 0.5404328018223234, 0.5613636363636364
sgd, logistic,25, 40, on, class3, 0.44760820045558086, 0.4772727272727273
sgd, logistic,25, 40, on, class4, 0.09339407744874716, 0.08636363636363636
sgd, logistic,25, 40, off, class1, 0.9117312072892938, 0.8977272727272727
sgd, logistic,25, 40, off, class2, 0.5506833712984055, 0.5204545454545455
sgd, logistic,25, 40, off, class3, 0.46184510250569477, 0.42045454545454547
sgd, logistic,25, 40, off, class4, 0.08656036446469248, 0.075
sgd, logistic,30, 1, on, class1, 0.9117312072892938, 0.8977272727272727
sgd, logistic,30, 1, on, class2, 0.5461275626423691, 0.5386363636363637
sgd, logistic,30, 1, on, class3, 0.44646924829157175, 0.4818181818181818
sgd, logistic,30, 1, on, class4, 0.0979498861047836, 0.08636363636363636
sgd, logistic,30, 1, off, class1, 0.9037585421412301, 0.9295454545454546
sgd, logistic,30, 1, off, class2, 0.5449886104783599, 0.5431818181818182
sgd, logistic,30, 1, off, class3, 0.45045558086560367, 0.4659090909090909
sgd, logistic,30, 1, off, class4, 0.09225512528473805, 0.08636363636363636
sgd, logistic,30, 15, on, class1, 0.9117312072892938, 0.8977272727272727
sgd, logistic,30, 15, on, class2, 0.5432801822323462, 0.55
sgd, logistic,30, 15, on, class3, 0.4527334851936219, 0.45681818181818185
sgd, logistic,30, 15, on, class4, 0.09339407744874716, 0.07045454545454545
sgd, logistic,30, 15, off, class1, 0.908883826879271, 0.9090909090909091
sgd, logistic,30, 15, off, class2, 0.535876993166287, 0.5795454545454546
sgd, logistic,30, 15, off, class3, 0.45558086560364464, 0.44545454545454544
sgd, logistic,30, 15, off, class4, 0.06435079726651481, 0.05454545454545454
sgd, logistic,30, 25, on, class1, 0.9094533029612756, 0.9068181818181819
sgd, logistic,30, 25, on, class2, 0.5489749430523918, 0.5272727272727272
sgd, logistic,30, 25, on, class3, 0.44362186788154895, 0.49318181818181817
sgd, logistic,30, 25, on, class4, 0.09396355353075171, 0.07954545454545454
sgd, logistic,30, 25, off, class1, 0.908883826879271, 0.9090909090909091
sgd, logistic,30, 25, off, class2, 0.5484054669703873, 0.5295454545454545
sgd, logistic,30, 25, off, class3, 0.4458997722095672, 0.48409090909090907
sgd, logistic,30, 25, off, class4, 0.11047835990888383, 0.07727272727272727
sgd, logistic,30, 30, on, class1, 0.9060364464692483, 0.9204545454545454
sgd, logistic,30, 30, on, class2, 0.5518223234624146, 0.5159090909090909
sgd, logistic,30, 30, on, class3, 0.4561503416856492, 0.4431818181818182
sgd, logistic,30, 30, on, class4, 0.07687927107061504, 0.06363636363636363
sgd, logistic,30, 30, off, class1, 0.9071753986332574, 0.9159090909090909
sgd, logistic,30, 30, off, class2, 0.5324601366742597, 0.5931818181818181
sgd, logistic,30, 30, off, class3, 0.45671981776765375, 0.4409090909090909
sgd, logistic,30, 30, off, class4, 0.1133257403189066, 0.09318181818181819
sgd, logistic,30, 40, on, class1, 0.9060364464692483, 0.9204545454545454
sgd, logistic,30, 40, on, class2, 0.5484054669703873, 0.5295454545454545
sgd, logistic,30, 40, on, class3, 0.45956719817767655, 0.42954545454545456
sgd, logistic,30, 40, on, class4, 0.1082004555808656, 0.07045454545454545
sgd, logistic,30, 40, off, class1, 0.9083143507972665, 0.9113636363636364
sgd, logistic,30, 40, off, class2, 0.5444191343963554, 0.5454545454545454
sgd, logistic,30, 40, off, class3, 0.44874715261959, 0.4727272727272727
sgd, logistic,30, 40, off, class4, 0.11275626423690205, 0.08636363636363636
sgd, logistic,40, 1, on, class1, 0.9123006833712984, 0.8954545454545455
sgd, logistic,40, 1, on, class2, 0.5432801822323462, 0.55
sgd, logistic,40, 1, on, class3, 0.44931662870159456, 0.47045454545454546
sgd, logistic,40, 1, on, class4, 0.09624145785876993, 0.07045454545454545
sgd, logistic,40, 1, off, class1, 0.9105922551252847, 0.9022727272727272
sgd, logistic,40, 1, off, class2, 0.5455580865603644, 0.5409090909090909
sgd, logistic,40, 1, off, class3, 0.4458997722095672, 0.48409090909090907
sgd, logistic,40, 1, off, class4, 0.09396355353075171, 0.07954545454545454
sgd, logistic,40, 15, on, class1, 0.9037585421412301, 0.9295454545454546
sgd, logistic,40, 15, on, class2, 0.5375854214123007, 0.5727272727272728
sgd, logistic,40, 15, on, class3, 0.44760820045558086, 0.4772727272727273
sgd, logistic,40, 15, on, class4, 0.09681093394077449, 0.09318181818181819
sgd, logistic,40, 15, off, class1, 0.9157175398633257, 0.8818181818181818
sgd, logistic,40, 15, off, class2, 0.5466970387243736, 0.5363636363636364
sgd, logistic,40, 15, off, class3, 0.45728929384965833, 0.43863636363636366
sgd, logistic,40, 15, off, class4, 0.07915717539863326, 0.06363636363636363
sgd, logistic,40, 25, on, class1, 0.907744874715262, 0.9136363636363637
sgd, logistic,40, 25, on, class2, 0.5444191343963554, 0.5454545454545454
sgd, logistic,40, 25, on, class3, 0.4521640091116173, 0.4590909090909091
sgd, logistic,40, 25, on, class4, 0.10079726651480637, 0.06818181818181818
sgd, logistic,40, 25, off, class1, 0.9123006833712984, 0.8954545454545455
sgd, logistic,40, 25, off, class2, 0.5421412300683371, 0.5545454545454546
sgd, logistic,40, 25, off, class3, 0.44931662870159456, 0.47045454545454546
sgd, logistic,40, 25, off, class4, 0.09624145785876993, 0.07045454545454545
sgd, logistic,40, 30, on, class1, 0.907744874715262, 0.9136363636363637
sgd, logistic,40, 30, on, class2, 0.5381548974943052, 0.5704545454545454
sgd, logistic,40, 30, on, class3, 0.44817767653758545, 0.475
sgd, logistic,40, 30, on, class4, 0.10876993166287016, 0.09090909090909091
sgd, logistic,40, 30, off, class1, 0.9123006833712984, 0.8954545454545455
sgd, logistic,40, 30, off, class2, 0.5501138952164009, 0.5227272727272727
sgd, logistic,40, 30, off, class3, 0.4498861047835991, 0.4681818181818182
sgd, logistic,40, 30, off, class4, 0.10535307517084283, 0.06818181818181818
sgd, logistic,40, 40, on, class1, 0.9060364464692483, 0.9204545454545454
sgd, logistic,40, 40, on, class2, 0.5392938496583144, 0.5659090909090909
sgd, logistic,40, 40, on, class3, 0.4550113895216401, 0.44772727272727275
sgd, logistic,40, 40, on, class4, 0.10250569476082004, 0.08636363636363636
sgd, logistic,40, 40, off, class1, 0.9111617312072893, 0.9
sgd, logistic,40, 40, off, class2, 0.5421412300683371, 0.5545454545454546
sgd, logistic,40, 40, off, class3, 0.4521640091116173, 0.4590909090909091
sgd, logistic,40, 40, off, class4, 0.10478359908883828, 0.07272727272727272
sgd, tanh,15, 1, on, class1, 0.9060364464692483, 0.9204545454545454
sgd, tanh,15, 1, on, class2, 0.7727790432801822, 0.7318181818181818
sgd, tanh,15, 1, on, class3, 0.5079726651480638, 0.5318181818181819
sgd, tanh,15, 1, on, class4, 0.25, 0.22954545454545455
sgd, tanh,15, 1, off, class1, 0.912870159453303, 0.8931818181818182
sgd, tanh,15, 1, off, class2, 0.8120728929384966, 0.7659090909090909
sgd, tanh,15, 1, off, class3, 0.5244874715261959, 0.509090909090909
sgd, tanh,15, 1, off, class4, 0.23519362186788154, 0.19090909090909092
sgd, tanh,15, 15, on, class1, 0.9054669703872438, 0.9227272727272727
sgd, tanh,15, 15, on, class2, 0.770501138952164, 0.7522727272727273
sgd, tanh,15, 15, on, class3, 0.6406605922551253, 0.525
sgd, tanh,15, 15, on, class4, 0.5501138952164009, 0.4159090909090909
sgd, tanh,15, 15, off, class1, 0.9145785876993167, 0.884090909090909
sgd, tanh,15, 15, off, class2, 0.7927107061503417, 0.7363636363636363
sgd, tanh,15, 15, off, class3, 0.6560364464692483, 0.5681818181818182
sgd, tanh,15, 15, off, class4, 0.5193621867881549, 0.41363636363636364
sgd, tanh,15, 25, on, class1, 0.9117312072892938, 0.8977272727272727
sgd, tanh,15, 25, on, class2, 0.785876993166287, 0.7386363636363636
sgd, tanh,15, 25, on, class3, 0.679384965831435, 0.5795454545454546
sgd, tanh,15, 25, on, class4, 0.5603644646924829, 0.45454545454545453
sgd, tanh,15, 25, off, class1, 0.912870159453303, 0.8931818181818182
sgd, tanh,15, 25, off, class2, 0.7813211845102506, 0.7272727272727273
sgd, tanh,15, 25, off, class3, 0.6645785876993167, 0.5977272727272728
sgd, tanh,15, 25, off, class4, 0.5899772209567198, 0.4431818181818182
sgd, tanh,15, 30, on, class1, 0.9071753986332574, 0.9159090909090909
sgd, tanh,15, 30, on, class2, 0.7949886104783599, 0.7863636363636364
sgd, tanh,15, 30, on, class3, 0.6748291571753986, 0.575
sgd, tanh,15, 30, on, class4, 0.6019362186788155, 0.45454545454545453
sgd, tanh,15, 30, off, class1, 0.9083143507972665, 0.9113636363636364
sgd, tanh,15, 30, off, class2, 0.8456719817767654, 0.7886363636363637
sgd, tanh,15, 30, off, class3, 0.6509111617312073, 0.5363636363636364
sgd, tanh,15, 30, off, class4, 0.566628701594533, 0.44545454545454544
sgd, tanh,15, 40, on, class1, 0.912870159453303, 0.8931818181818182
sgd, tanh,15, 40, on, class2, 0.7830296127562643, 0.7659090909090909
sgd, tanh,15, 40, on, class3, 0.6417995444191344, 0.6045454545454545
sgd, tanh,15, 40, on, class4, 0.5700455580865603, 0.43863636363636366
sgd, tanh,15, 40, off, class1, 0.912870159453303, 0.8931818181818182
sgd, tanh,15, 40, off, class2, 0.791002277904328, 0.725
sgd, tanh,15, 40, off, class3, 0.6275626423690205, 0.5545454545454546
sgd, tanh,15, 40, off, class4, 0.6036446469248291, 0.5
sgd, tanh,25, 1, on, class1, 0.9151480637813212, 0.884090909090909
sgd, tanh,25, 1, on, class2, 0.8035307517084282, 0.7613636363636364
sgd, tanh,25, 1, on, class3, 0.5011389521640092, 0.5431818181818182
sgd, tanh,25, 1, on, class4, 0.19248291571753987, 0.16363636363636364
sgd, tanh,25, 1, off, class1, 0.9071753986332574, 0.9159090909090909
sgd, tanh,25, 1, off, class2, 0.8029612756264237, 0.7568181818181818
sgd, tanh,25, 1, off, class3, 0.5187927107061503, 0.49772727272727274
sgd, tanh,25, 1, off, class4, 0.2591116173120729, 0.2
sgd, tanh,25, 15, on, class1, 0.9083143507972665, 0.9090909090909091
sgd, tanh,25, 15, on, class2, 0.7739179954441914, 0.7454545454545455
sgd, tanh,25, 15, on, class3, 0.6976082004555809, 0.5727272727272728
sgd, tanh,25, 15, on, class4, 0.5990888382687927, 0.48863636363636365
sgd, tanh,25, 15, off, class1, 0.9145785876993167, 0.8863636363636364
sgd, tanh,25, 15, off, class2, 0.7870159453302962, 0.7386363636363636
sgd, tanh,25, 15, off, class3, 0.7061503416856492, 0.5363636363636364
sgd, tanh,25, 15, off, class4, 0.6127562642369021, 0.42727272727272725
sgd, tanh,25, 25, on, class1, 0.9094533029612756, 0.9090909090909091
sgd, tanh,25, 25, on, class2, 0.8023917995444191, 0.7454545454545455
sgd, tanh,25, 25, on, class3, 0.7050113895216401, 0.575
sgd, tanh,25, 25, on, class4, 0.6304100227790432, 0.4681818181818182
sgd, tanh,25, 25, off, class1, 0.9048974943052391, 0.925
sgd, tanh,25, 25, off, class2, 0.7881548974943052, 0.7727272727272727
sgd, tanh,25, 25, off, class3, 0.715261958997722, 0.5931818181818181
sgd, tanh,25, 25, off, class4, 0.6304100227790432, 0.4818181818181818

